{
    "baseline_svm": {
        "accuracy": 0.9876977152899824,
        "precision": 0.9807692307692307,
        "f1": 0.9902912621359223,
        "roc_auc": 0.998123777813012
    },
    "correlation_svm": {
        "accuracy": 0.984182776801406,
        "precision": 0.9806629834254144,
        "f1": 0.9874826147426982,
        "roc_auc": 0.9985994397759104
    },
    "pca_svm": {
        "accuracy": 0.984182776801406,
        "precision": 0.978021978021978,
        "f1": 0.9875173370319001,
        "roc_auc": 0.9975159875270863
    },
    "lda_svm": {
        "accuracy": 0.9736379613356766,
        "precision": 0.9672131147540983,
        "f1": 0.979253112033195,
        "roc_auc": 0.9926404524073781
    },
    "svd_svm": {
        "accuracy": 0.984182776801406,
        "precision": 0.978021978021978,
        "f1": 0.9875173370319001,
        "roc_auc": 0.9975159875270863
    },
    "sfs_svm": {
        "accuracy": 0.9824253075571178,
        "precision": 0.977961432506887,
        "f1": 0.9861111111111112,
        "roc_auc": 0.9973045822102427
    },
    "sbs_svm": {
        "accuracy": 0.9824253075571178,
        "precision": 0.9753424657534246,
        "f1": 0.9861495844875346,
        "roc_auc": 0.9949791237249617
    },
    "sffs_svm": {
        "accuracy": 0.9789103690685413,
        "precision": 0.9726027397260274,
        "f1": 0.9833795013850416,
        "roc_auc": 0.9957586808308229
    },
    "sfbs_svm": {
        "accuracy": 0.9753954305799648,
        "precision": 0.9698630136986301,
        "f1": 0.9806094182825484,
        "roc_auc": 0.994298662861371
    }
}